Workbook
Name Deposite_recored: Table1[#All]
Name Slicer_AGE: #N/A
Name Slicer_GENDER: #N/A
Name Slicer_MONTH: #N/A
Name Slicer_PAYMENT_METHOD: #N/A

Sheet DEPOSITD BY PAYMENT METHOD
A3: Row Labels | B3: Count of TRANSACTION ID
A4: Partner Agent | B4: 142
A5: USSD | B5: 135
A6: Mobile Transfer | B6: 91
A7: Online Banking | B7: 78
A8: Over The Counter | B8: 62
A9: Grand Total | B9: 508

Sheet Sheet4

Sheet Raw Data 
B2: DATE | C2: TRANSACTION ID | D2: NAME | E2: EMAIL | F2: GENDER | G2: CUSTOMER ID | H2: CATEGORY | I2: AGE | J2: BANK | K2: PAYMENT METHOD
B3: 44562 | C3: DP3A344 | D3: Ursula Maddox | E3: Umaddox@gmail.com | F3: Male | G3: PVC2023166 | H3: Standard | I3: 41 | J3: FIRST BANK | K3: Mobile Transfer
B4: 44562 | C4: DP3T417 | D4: Rhona Mitchell | E4: Rmitchell@gmail.com | F4: Female | G4: PVC2023141 | H4: Premium | I4: 72 | J4: STANDARD CHARTERED | K4: Partner Agent | N4: tailored analysis
B5: 44564 | C5: DP2A236 | D5: Oludoye Weber | E5: Oweber@ymail.com | F5: Female | G5: PVC2023196 | H5: Gold | I5: 59 | J5: ACCESS BANK | K5: Over The Counter | N5: 1.deposit payment record across the months
B6: 44564 | C6: DP2G296 | D6: Bamidele Alexander | E6: Balexander@ymail.com | F6: Male | G6: PVC2023113 | H6: Premium | I6: 61 | J6: FIDELITY BANK | K6: Mobile Transfer | N6: 2. top 5 customer
B7: 44564 | C7: DP3T390 | D7: Uriel Adams | E7: Uadams@gmail.com | F7: Female | G7: PVC2023169 | H7: Standard | I7: 48 | J7: UNITED BANK FOR AFRICA | K7: Mobile Transfer | N7: 3. deposit / payment record per bank
B8: 44564 | C8: DP3N384 | D8: Olaogun Gilbert | E8: Ogilbert@gmail.com | F8: Male | G8: PVC2023179 | H8: Standard | I8: 22 | J8: UNITED BANK FOR AFRICA | K8: USSD | N8: 4. sum of deposit per age group
B9: 44565 | C9: DP2T147 | D9: Fasinu Guzzo | E9: Fguzzo@ymail.com | F9: Male | G9: PVC2023153 | H9: Standard | I9: 61 | J9: ZENITH BANK | K9: Mobile Transfer | N9: 5. deposit by payment channel
B10: 44566 | C10: DP2P116 | D10: Brittany Best | E10: Bbest@gmail.com | F10: Female | G10: PVC2023125 | H10: Premium | I10: 28 | J10: WEMA BANK | K10: USSD | N10: 6. deposit by gender
B11: 44567 | C11: DP2M113 | D11: Odumosu Duke | E11: Oduke@coriftech.com | F11: Male | G11: PVC2023108 | H11: Standard | I11: 48 | J11: FIRST BANK | K11: Online Banking
B12: 44567 | C12: DP2E267 | D12: Odumosu Mcclure | E12: Omcclure@gmail.com | F12: Male | G12: PVC2023154 | H12: Standard | I12: 60 | J12: UNION BANK | K12: Over The Counter
B13: 44567 | C13: DP3U310 | D13: Bell Juarez | E13: Bjuarez@coriftech.com | F13: Male | G13: PVC2023173 | H13: Gold | I13: 71 | J13: UNION BANK | K13: Over The Counter
B14: 44568 | C14: DP3K408 | D14: Ivory Selhorst | E14: Iselhorst@coriftech.com | F14: Female | G14: PVC2023144 | H14: Premium | I14: 54 | J14: UNION BANK | K14: Partner Agent
B15: 44569 | C15: DP2Z235 | D15: Bell Juarez | E15: Bjuarez@coriftech.com | F15: Male | G15: PVC2023173 | H15: Gold | I15: 71 | J15: WEMA BANK | K15: Mobile Transfer
B16: 44570 | C16: DP3E537 | D16: Emerson Panovsky | E16: Epanovsky@gmail.com | F16: Female | G16: PVC2023198 | H16: Gold | I16: 19 | J16: ACCESS BANK | K16: USSD
B17: 44570 | C17: DP3L490 | D17: Temilade Knapp | E17: Tknapp@ymail.com | F17: Female | G17: PVC2023187 | H17: Premium | I17: 61 | J17: FIDELITY BANK | K17: Mobile Transfer
B18: 44572 | C18: DP2W231 | D18: Deacon Cobb | E18: Dcobb@coriftech.com | F18: Male | G18: PVC2023102 | H18: Gold | I18: 30 | J18: UNION BANK | K18: Mobile Transfer
B19: 44574 | C19: DP3W339 | D19: Fasinu Guzzo | E19: Fguzzo@ymail.com | F19: Male | G19: PVC2023153 | H19: Standard | I19: 61 | J19: ZENITH BANK | K19: Partner Agent
B20: 44575 | C20: DP3K570 | D20: Benedict Miller | E20: Bmiller@gmail.com | F20: Male | G20: PVC2023118 | H20: Premium | I20: 36 | J20: UNION BANK | K20: Mobile Transfer
B21: 44575 | C21: DP3V392 | D21: Odumosu Duke | E21: Oduke@coriftech.com | F21: Male | G21: PVC2023108 | H21: Standard | I21: 48 | J21: STANDARD CHARTERED | K21: Partner Agent
B22: 44576 | C22: DP3H567 | D22: Lani Key | E22: Lkey@coriftech.com | F22: Female | G22: PVC2023130 | H22: Premium | I22: 31 | J22: STANDARD CHARTERED | K22: USSD
... B510: 44926 | C510: DP2Z154 | D510: Adeniyi Tillman | E510: Atillman@ymail.com | F510: Male | G510: PVC2023119 | H510: Gold | I510: 63 | J510: STANDARD CHARTERED | K510: USSD

Sheet Transaction ID Record
C2: TRANSACTION ID | D2: AMOUNT
C3: DP2G296 | D3: 153624
C4: DP2X152 | D4: 181022
C5: DP2Y126 | D5: 81312
C6: DP3T444 | D6: 85219
C7: DP3Z505 | D7: 83048
C8: DP2V257 | D8: 11844
C9: DP2I109 | D9: 36291
C10: DP3T498 | D10: 163819
C11: DP2N303 | D11: 181190
C12: DP2D212 | D12: 69644
C13: DP3X503 | D13: 136786
C14: DP2L220 | D14: 184598
... C510: DP3Z367 | D510: 144574

Sheet DEPOSITE BY BANK
A3: Row Labels | B3: Sum of AMOUNT
A4: GTBANK PLC | B4: 1990613
A5: ACCESS BANK | B5: 3845901
A6: STANBIC IBTC BANK | B6: 3956363
A7: STANDARD CHARTERED | B7: 4022720
A8: WEMA BANK | B8: 4065231
A9: FIDELITY BANK | B9: 4554980
A10: ZENITH BANK | B10: 4711588
A11: FIRST BANK | B11: 6082904
A12: UNITED BANK FOR AFRICA | B12: 7363964
A13: UNION BANK | B13: 8908186
A14: Grand Total | B14: 49502450

Sheet CLEANED DATA
A1: MONTH | B1: DATE | C1: TRANSACTION ID | D1: NAME | E1: NAME2 | F1: EMAIL | G1: GENDER | H1: CUSTOMER ID | I1: CATEGORY | J1: AGE | K1: AGE GROUP | L1: BANK | M1: PAYMENT METHOD | N1: AMOUNT
A2: =TEXT(Table1[[#This Row],[DATE]],"MMMM") -> January | B2: 44562 | C2: DP3A344 | D2: =UPPER(Table1[[#This Row],[NAME2]]) -> URSULA MADDOX | E2: Ursula Maddox | F2: Umaddox@gmail.com | G2: Male | H2: PVC2023166 | I2: Standard | J2: 41 | K2: =IF(Table1[[#This Row],[AGE]]<=18,"CHILD",IF(Table1[[#This Row],[AGE]]<=20,"TEEN",IF(Table1[[#This Row],[AGE]]<=40,"ADULT",IF(Table1[[#This Row],[AGE]]<=60,"SENIOR CITIZEN","OLD CITIZEN")))) -> SENIOR CITIZEN | L2: FIRST BANK | M2: Mobile Transfer | N2: =VLOOKUP(Table1[[#This Row],[TRANSACTION ID]],'Transaction ID Record'!$C$3:$D$510,2,FALSE) -> 155937
A3: =TEXT(Table1[[#This Row],[DATE]],"MMMM") -> January | B3: 44562 | C3: DP3T417 | D3: =UPPER(Table1[[#This Row],[NAME2]]) -> RHONA MITCHELL | E3: Rhona Mitchell | F3: Rmitchell@gmail.com | G3: Female | H3: PVC2023141 | I3: Premium | J3: 72 | K3: =IF(Table1[[#This Row],[AGE]]<=18,"CHILD",IF(Table1[[#This Row],[AGE]]<=20,"TEEN",IF(Table1[[#This Row],[AGE]]<=40,"ADULT",IF(Table1[[#This Row],[AGE]]<=60,"SENIOR CITIZEN","OLD CITIZEN")))) -> OLD CITIZEN | L3: STANDARD CHARTERED | M3: Partner Agent | N3: =VLOOKUP(Table1[[#This Row],[TRANSACTION ID]],'Transaction ID Record'!$C$3:$D$510,2,FALSE) -> 128189
A4: =TEXT(Table1[[#This Row],[DATE]],"MMMM") -> January | B4: 44564 | C4: DP2A236 | D4: =UPPER(Table1[[#This Row],[NAME2]]) -> OLUDOYE WEBER | E4: Oludoye Weber | F4: Oweber@ymail.com | G4: Female | H4: PVC2023196 | I4: Gold | J4: 59 | K4: =IF(Table1[[#This Row],[AGE]]<=18,"CHILD",IF(Table1[[#This Row],[AGE]]<=20,"TEEN",IF(Table1[[#This Row],[AGE]]<=40,"ADULT",IF(Table1[[#This Row],[AGE]]<=60,"SENIOR CITIZEN","OLD CITIZEN")))) -> SENIOR CITIZEN | L4: ACCESS BANK | M4: Over The Counter | N4: =VLOOKUP(Table1[[#This Row],[TRANSACTION ID]],'Transaction ID Record'!$C$3:$D$510,2,FALSE) -> 155128
A5: =TEXT(Table1[[#This Row],[DATE]],"MMMM") -> January | B5: 44564 | C5: DP2G296 | D5: =UPPER(Table1[[#This Row],[NAME2]]) -> BAMIDELE ALEXANDER | E5: Bamidele Alexander | F5: Balexander@ymail.com | G5: Male | H5: PVC2023113 | I5: Premium | J5: 61 | K5: =IF(Table1[[#This Row],[AGE]]<=18,"CHILD",IF(Table1[[#This Row],[AGE]]<=20,"TEEN",IF(Table1[[#This Row],[AGE]]<=40,"ADULT",IF(Table1[[#This Row],[AGE]]<=60,"SENIOR CITIZEN","OLD CITIZEN")))) -> OLD CITIZEN | L5: FIDELITY BANK | M5: Mobile Transfer | N5: =VLOOKUP(Table1[[#This Row],[TRANSACTION ID]],'Transaction ID Record'!$C$3:$D$510,2,FALSE) -> 153624
A6: =TEXT(Table1[[#This Row],[DATE]],"MMMM") -> January | B6: 44564 | C6: DP3T390 | D6: =UPPER(Table1[[#This Row],[NAME2]]) -> URIEL ADAMS | E6: Uriel Adams | F6: Uadams@gmail.com | G6: Female | H6: PVC2023169 | I6: Standard | J6: 48 | K6: =IF(Table1[[#This Row],[AGE]]<=18,"CHILD",IF(Table1[[#This Row],[AGE]]<=20,"TEEN",IF(Table1[[#This Row],[AGE]]<=40,"ADULT",IF(Table1[[#This Row],[AGE]]<=60,"SENIOR CITIZEN","OLD CITIZEN")))) -> SENIOR CITIZEN | L6: UNITED BANK FOR AFRICA | M6: Mobile Transfer | N6: =VLOOKUP(Table1[[#This Row],[TRANSACTION ID]],'Transaction ID Record'!$C$3:$D$510,2,FALSE) -> 41949
A7: =TEXT(Table1[[#This Row],[DATE]],"MMMM") -> January | B7: 44564 | C7: DP3N384 | D7: =UPPER(Table1[[#This Row],[NAME2]]) -> OLAOGUN GILBERT | E7: Olaogun Gilbert | F7: Ogilbert@gmail.com | G7: Male | H7: PVC2023179 | I7: Standard | J7: 22 | K7: =IF(Table1[[#This Row],[AGE]]<=18,"CHILD",IF(Table1[[#This Row],[AGE]]<=20,"TEEN",IF(Table1[[#This Row],[AGE]]<=40,"ADULT",IF(Table1[[#This Row],[AGE]]<=60,"SENIOR CITIZEN","OLD CITIZEN")))) -> ADULT | L7: UNITED BANK FOR AFRICA | M7: USSD | N7: =VLOOKUP(Table1[[#This Row],[TRANSACTION ID]],'Transaction ID Record'!$C$3:$D$510,2,FALSE) -> 36016
A8: =TEXT(Table1[[#This Row],[DATE]],"MMMM") -> January | B8: 44565 | C8: DP2T147 | D8: =UPPER(Table1[[#This Row],[NAME2]]) -> FASINU GUZZO | E8: Fasinu Guzzo | F8: Fguzzo@ymail.com | G8: Male | H8: PVC2023153 | I8: Standard | J8: 61 | K8: =IF(Table1[[#This Row],[AGE]]<=18,"CHILD",IF(Table1[[#This Row],[AGE]]<=20,"TEEN",IF(Table1[[#This Row],[AGE]]<=40,"ADULT",IF(Table1[[#This Row],[AGE]]<=60,"SENIOR CITIZEN","OLD CITIZEN")))) -> OLD CITIZEN | L8: ZENITH BANK | M8: Mobile Transfer | N8: =VLOOKUP(Table1[[#This Row],[TRANSACTION ID]],'Transaction ID Record'!$C$3:$D$510,2,FALSE) -> 72549
A9: =TEXT(Table1[[#This Row],[DATE]],"MMMM") -> January | B9: 44566 | C9: DP2P116 | D9: =UPPER(Table1[[#This Row],[NAME2]]) -> BRITTANY BEST | E9: Brittany Best | F9: Bbest@gmail.com | G9: Female | H9: PVC2023125 | I9: Premium | J9: 28 | K9: =IF(Table1[[#This Row],[AGE]]<=18,"CHILD",IF(Table1[[#This Row],[AGE]]<=20,"TEEN",IF(Table1[[#This Row],[AGE]]<=40,"ADULT",IF(Table1[[#This Row],[AGE]]<=60,"SENIOR CITIZEN","OLD CITIZEN")))) -> ADULT | L9: WEMA BANK | M9: USSD | N9: =VLOOKUP(Table1[[#This Row],[TRANSACTION ID]],'Transaction ID Record'!$C$3:$D$510,2,FALSE) -> 47186
A10: =TEXT(Table1[[#This Row],[DATE]],"MMMM") -> January | B10: 44567 | C10: DP2M113 | D10: =UPPER(Table1[[#This Row],[NAME2]]) -> ODUMOSU DUKE | E10: Odumosu Duke | F10: Oduke@coriftech.com | G10: Male | H10: PVC2023108 | I10: Standard | J10: 48 | K10: =IF(Table1[[#This Row],[AGE]]<=18,"CHILD",IF(Table1[[#This Row],[AGE]]<=20,"TEEN",IF(Table1[[#This Row],[AGE]]<=40,"ADULT",IF(Table1[[#This Row],[AGE]]<=60,"SENIOR CITIZEN","OLD CITIZEN")))) -> SENIOR CITIZEN | L10: FIRST BANK | M10: Online Banking | N10: =VLOOKUP(Table1[[#This Row],[TRANSACTION ID]],'Transaction ID Record'!$C$3:$D$510,2,FALSE) -> 68759
A11: =TEXT(Table1[[#This Row],[DATE]],"MMMM") -> January | B11: 44567 | C11: DP2E267 | D11: =UPPER(Table1[[#This Row],[NAME2]]) -> ODUMOSU MCCLURE | E11: Odumosu Mcclure | F11: Omcclure@gmail.com | G11: Male | H11: PVC2023154 | I11: Standard | J11: 60 | K11: =IF(Table1[[#This Row],[AGE]]<=18,"CHILD",IF(Table1[[#This Row],[AGE]]<=20,"TEEN",IF(Table1[[#This Row],[AGE]]<=40,"ADULT",IF(Table1[[#This Row],[AGE]]<=60,"SENIOR CITIZEN","OLD CITIZEN")))) -> SENIOR CITIZEN | L11: UNION BANK | M11: Over The Counter | N11: =VLOOKUP(Table1[[#This Row],[TRANSACTION ID]],'Transaction ID Record'!$C$3:$D$510,2,FALSE) -> 30461
A12: =TEXT(Table1[[#This Row],[DATE]],"MMMM") -> January | B12: 44567 | C12: DP3U310 | D12: =UPPER(Table1[[#This Row],[NAME2]]) -> BELL JUAREZ | E12: Bell Juarez | F12: Bjuarez@coriftech.com | G12: Male | H12: PVC2023173 | I12: Gold | J12: 71 | K12: =IF(Table1[[#This Row],[AGE]]<=18,"CHILD",IF(Table1[[#This Row],[AGE]]<=20,"TEEN",IF(Table1[[#This Row],[AGE]]<=40,"ADULT",IF(Table1[[#This Row],[AGE]]<=60,"SENIOR CITIZEN","OLD CITIZEN")))) -> OLD CITIZEN | L12: UNION BANK | M12: Over The Counter | N12: =VLOOKUP(Table1[[#This Row],[TRANSACTION ID]],'Transaction ID Record'!$C$3:$D$510,2,FALSE) -> 35165
A13: =TEXT(Table1[[#This Row],[DATE]],"MMMM") -> January | B13: 44568 | C13: DP3K408 | D13: =UPPER(Table1[[#This Row],[NAME2]]) -> IVORY SELHORST | E13: Ivory Selhorst | F13: Iselhorst@coriftech.com | G13: Female | H13: PVC2023144 | I13: Premium | J13: 54 | K13: =IF(Table1[[#This Row],[AGE]]<=18,"CHILD",IF(Table1[[#This Row],[AGE]]<=20,"TEEN",IF(Table1[[#This Row],[AGE]]<=40,"ADULT",IF(Table1[[#This Row],[AGE]]<=60,"SENIOR CITIZEN","OLD CITIZEN")))) -> SENIOR CITIZEN | L13: UNION BANK | M13: Partner Agent | N13: =VLOOKUP(Table1[[#This Row],[TRANSACTION ID]],'Transaction ID Record'!$C$3:$D$510,2,FALSE) -> 156507
... A509: =TEXT(Table1[[#This Row],[DATE]],"MMMM") -> December | B509: 44926 | C509: DP2Z154 | D509: =UPPER(Table1[[#This Row],[NAME2]]) -> ADENIYI TILLMAN | E509: Adeniyi Tillman | F509: Atillman@ymail.com | G509: Male | H509: PVC2023119 | I509: Gold | J509: 63 | K509: =IF(Table1[[#This Row],[AGE]]<=18,"CHILD",IF(Table1[[#This Row],[AGE]]<=20,"TEEN",IF(Table1[[#This Row],[AGE]]<=40,"ADULT",IF(Table1[[#This Row],[AGE]]<=60,"SENIOR CITIZEN","OLD CITIZEN")))) -> OLD CITIZEN | L509: STANDARD CHARTERED | M509: USSD | N509: =VLOOKUP(Table1[[#This Row],[TRANSACTION ID]],'Transaction ID Record'!$C$3:$D$510,2,FALSE) -> 17970

Sheet DEPOSITE BY GENDER
A3: Row Labels | B3: Count of TRANSACTION ID
A4: Female | B4: 242
A5: Male | B5: 266
A6: Grand Total | B6: 508

Sheet TOP FIVE CUSTOMER
A3: Row Labels | B3: Count of AMOUNT
A4: Adeniyi Weaver | B4: 13
A5: Adeniyi Tillman | B5: 14
A6: Adebola Solis | B6: 15
A7: Emerson Panovsky | B7: 18
A8: Odumosu Duke | B8: 21
A9: Grand Total | B9: 81

Sheet DEPOSITE PAYMENT ACROSS MONTH
A3: Row Labels | B3: Sum of AMOUNT
A4: January | B4: 4366612
A5: February | B5: 4263845
A6: March | B6: 4818651
A7: April | B7: 2941880
A8: May | B8: 4807860
A9: June | B9: 4670933
A10: July | B10: 3877417
A11: August | B11: 5426980
A12: September | B12: 3249630
A13: October | B13: 3791836
A14: November | B14: 3558668
A15: December | B15: 3728138
A16: Grand Total | B16: 49502450

Sheet DEPOSITE PER  AGE GROUP
A3: Row Labels | B3: Sum of AMOUNT
A4: ADULT | B4: 18433996
A5: OLD CITIZEN | B5: 15102278
A6: SENIOR CITIZEN | B6: 14218644
A7: TEEN | B7: 1747532
A8: Grand Total | B8: 49502450

Sheet DASHBOARD
